,domain,name,twitter,linkedin,name,logo
0,walmartstores.com,Wal-Mart Stores,walmart,walmart,Walmart eCommerce,media-exp3.licdn.com/dms/image/C560BAQGLBsBhuYY_mQ/company-logo_200_200/0/1519856522046?e=2159024400&v=beta&t=Es6fSP4-JWw0m-m0lcU5iA9SIvHyqUNJkRFCFlKffHw
3,chevron.com,ChevronTexaco,Chevron,Chevron,Chevron,media-exp1.licdn.com/dms/image/C560BAQFIzPIYfEdWdw/company-logo_200_200/0/1552093005578?e=1668643200&v=beta&t=trDFvJFugck3E2JL087klD7kMSHd13xy61WxYdHs6bk
7,boeing.com,Boeing,Boeing,Boeing,Boeing,media-exp1.licdn.com/dms/image/C4E0BAQHpXZDZYImrdA/company-logo_200_200/0/1542647676208?e=1668038400&v=beta&t=DbqpOF42bn9MA6HyLZC6EAJ9WSxNn1cquTObxk0s3Hs
10,jpmorganchase.com,J.P. Morgan Chase & Co.,jpmorgan,jpmorgan,JPMorgan Chase & Co.,media-exp1.licdn.com/dms/image/C4E0BAQFN7ZGRjNcgeA/company-logo_200_200/0/1656681489088?e=1668038400&v=beta&t=z3VDdHbqyA1NooTQqXTeX9ZxfbBnP2-gSVQxyhx7ANQ
12,merck.com,Merck,merck,merck,Merck AH,media-exp1.licdn.com/dms/image/C4D0BAQFzQHlHLpmXPQ/company-logo_200_200/0/1561575476099?e=2147483647&v=beta&t=TE8Nz4X8NdBGTr25_hoWHGlO5bokopXYtQxasLk8yAs
13,statefarm.com,State Farm Insurance Cos.,StateFarm,StateFarm,State Farm,media-exp1.licdn.com/dms/image/C560BAQFWTQ9vYGYIwg/company-logo_200_200/0/1659044017450?e=1668643200&v=beta&t=sdqZaDGiUfiPEQ17v09HSWtDbGHeL9A1aYizJL3NDEg
15,mckesson.com,McKesson,McKesson,McKesson,McKesson Corporation,static-exp1.licdn.com/sc/h/cs8pjfgyw96g44ln9r7tct85f
16,ml.com,Merrill Lynch,MerrillLynch,MerrillLynch,Merrill Lynch,media-exp1.licdn.com/dms/image/C4E0BAQHuxyyOkAMjzg/company-logo_200_200/0/1625142238096?e=1668038400&v=beta&t=doe3vPwNpt2cKT9FvLVNTutovHOrZRuDA-6n0VywkP8
17,albertsons.com,Albertson's,albertsons,albertsons,Albertsons,media-exp1.licdn.com/dms/image/C4E0BAQFskSiTZW3dwA/company-logo_200_200/0/1519911561859?e=1668038400&v=beta&t=Jof-C3bolmK8A1pfbk1QIQ8l1ZkOUco7T1QJ_xBdFec
22,jcpenney.net,J.C. Penney,jcpenney,jcpenney,J.C Penney,bpando.org/wp-content/uploads/New-JC-Penney-Logo-BPO.jpg
23,metlife.com,MetLife,metlife,metlife,MetLife,media-exp1.licdn.com/dms/image/C4E0BAQGvfZGd31Hw_Q/company-logo_200_200/0/1519855879245?e=1668038400&v=beta&t=YP5y1rf9jV86pXhn3uz3dSw-sEYnDR4rTXe3pX717c4
25,motorola.com,Motorola,Motorola,Motorola,Motorola Mobility (a Lenovo Company),media-exp1.licdn.com/dms/image/C4E0BAQHdcLfdW2sRxA/company-logo_200_200/0/1601050560399?e=1668038400&v=beta&t=Bv-dK71TxB1W9ryfumJCsNzpV02KthVJB_nV3caWCCw
26,allstate.com,Allstate,allstate,allstate,"Allstate Financial Services, LLC",media-exp1.licdn.com/dms/image/C4E0BAQFihOfI9FW_4Q/company-logo_200_200/0/1519855876140?e=1668643200&v=beta&t=KBW8vk-ETMhGiRdnUUvWSxqtbfIt6vtAu7IkjxsMN4Y
28,utc.com,United Technologies,UTC,UTC,United Technologies Research Center,media-exp1.licdn.com/dms/image/C4E0BAQFVhu-PRAV-Dw/company-logo_200_200/0/1519855881400?e=1668038400&v=beta&t=aJAR3BEp_akD1xw4yk0tBUU56_8tdtgc6fhGZK6GUIs
31,pepsico.com,PepsiCo,pepsico,pepsico,PepsiCo,media-exp1.licdn.com/dms/image/C4D0BAQE9stRV5JkCFQ/company-logo_200_200/0/1519856314179?e=1668038400&v=beta&t=_PTQLBPp7HKSyGu3_1fQxjYwDPt9VEiABs1ODPpnmjY
32,wellsfargo.com,Wells Fargo,wellsfargo,wellsfargo,Wells Fargo,media-exp1.licdn.com/dms/image/C4D0BAQGLxWPpGqaVmw/company-logo_200_200/0/1607533344544?e=1668038400&v=beta&t=Ti0GhrqJQTkPfjfdl-ubWWisblBIiXCVcBWq-Oh7CDA
35,sprint.com,Sprint,sprint,sprint,Sprint Nextel Inc.,media-exp1.licdn.com/dms/image/C560BAQHqZLSJB_mj7A/company-logo_200_200/0/1612225279104?e=1668643200&v=beta&t=w1DFNtje534AbzqJ64kcJpG1wcLJQpQHiwf0t0BmxnQ
36,newyorklife.com,New York Life Insurance,newyorklife,newyorklife,New York Life,media-exp1.licdn.com/dms/image/C560BAQH3ZS_KyuAiKA/company-logo_200_200/0/1578406021170?e=2159024400&v=beta&t=YbZ5ir4MpxdlBhVOMAearzVuc5Wx9v2UQnXgH3zm4QE
40,aetna.com,Aetna,aetna,aetna,"Aetna, a CVS Health Company",media-exp1.licdn.com/dms/image/C4D0BAQG-yEvVVTctFA/company-logo_200_200/0/1630080572033?e=1668038400&v=beta&t=dal2VeXga10WpvZiHOubHBENxq4bzbr_RLuN_LEWNVw
42,bankone.com,Bank One Corp.,Chase,Chase,#VALUE!,#VALUE!
44,phillips66.com,Phillips Petroleum,Phillips66Co,Phillips66Co,Phillips 66,media-exp1.licdn.com/dms/image/C560BAQG__0_7_pQ3SQ/company-logo_200_200/0/1651411218956?e=1668038400&v=beta&t=I3presiG4KpgOdseqF2pkpyNFfQqW3sLqtWqdJbOm_0
47,viacom.com,Viacom,viacom,viacom,Paramount Animation,media.licdn.com/dms/image/C4E0BAQFCfBA92L4aoA/company-logo_200_200/0?e=2159024400&v=beta&t=ksC5ju5VG3zDr27aqCq8cf2UIyuEmJxKaMkQ9DM-ExE
50,wachovia.com,Wachovia Corp.,wellsfargo,wellsfargo,Wachovia Corp,media-exp1.licdn.com/dms/image/C560BAQG6zVewkuvRNw/company-logo_200_200/0/1535172578798?e=1668643200&v=beta&t=sgJrSQgGGZ6uxfjzWwWXMCKMiXWJPu5WaEu2Cr6Gupw
51,cisco.com,Cisco Systems,share,share,Cisco,media-exp1.licdn.com/dms/image/C560BAQHIIPbAKvys2w/company-logo_200_200/0/1657040613266?e=2147483647&v=beta&t=tn-wCQYp_oM5ZBWuM1hMdHPNOqpFf1e7brYQzrXTMRo
53,lowes.com,Lowe's,lowes,lowes,"Lowe's Companies, Inc.",media-exp1.licdn.com/dms/image/C4E0BAQEhMN8M2HsC7Q/company-logo_200_200/0/1582579144622?e=1668038400&v=beta&t=-mi_Vpz_pL7DPQXFQLKdxrOCPpDpNhCtww5fNRz_rZA
56,autonation.com,AutoNation,AutoNation,AutoNation,AutoNation,media-exp1.licdn.com/dms/image/C4E0BAQGifxm8EutLgw/company-logo_200_200/0/1519856431208?e=1668038400&v=beta&t=McSAKkF0pFi7otXcLFzt-S6oAVrWRDXizE5O1pC5spM
57,qwest.com,Qwest Communications,centurylink,centurylink,"Qwest Communications International, Inc.",media-exp1.licdn.com/dms/image/C4E0BAQE7fHsJID4YAA/company-logo_200_200/0/1600263821231?e=1667433600&v=beta&t=c1JoVwvhUZYVQskumXTQEb7a3-RDwDg6hyWxRzuEmfI
59,cigna.com,Cigna,cigna,cigna,Cigna,media-exp1.licdn.com/dms/image/C4D0BAQHHW4ih0rqUBg/company-logo_200_200/0/1519856411211?e=1668038400&v=beta&t=agQWfPYqZvx8tZ6bk_Z3uxfzX3f_vjfZ_fe-pLBZa0o
60,sun.com,Sun Microsystems,oracle,oracle,PT. Sun Microsystems Indonesia,media-exp1.licdn.com/dms/image/C4E0BAQGGFEkMxs3_Lw/company-logo_200_200/0/1519892704559?e=1668643200&v=beta&t=1Iu87bHik1qgYfIL5c2u722VHBlS2-em5HGmi8wB8jY
62,raytheon.com,Raytheon,raytheon,raytheon,Raytheon UK,media-exp1.licdn.com/dms/image/C4E0BAQF36NarrdWiTg/company-logo_200_200/0/1654088509240?e=1668038400&v=beta&t=OX4rhP2voSPdOl5p-jSmfK-fjYoZBkaoo19vZbv9APw
63,xerox.com,Xerox,Xerox,Xerox,Saraswat Cooperative Bank Limited,static-exp1.licdn.com/sc/h/9rxpcj33wtsq3w7nxb3u3ku6e
69,exeloncorp.com,Exelon,exelon,exelon,Exelon,media-exp1.licdn.com/dms/image/C4D0BAQFZm45ZFS9UeQ/company-logo_200_200/0/1643803400045?e=1668643200&v=beta&t=aF1yJs3yXe5cAnuAnQfxPLXWYhEiWxlWNE6gMjx1zCA
70,nationwide.com,Nationwide,nationwide,nationwide,Nationwide,media-exp1.licdn.com/dms/image/C4D0BAQEmUWit13ZQGw/company-logo_200_200/0/1638453564940?e=1668038400&v=beta&t=RUHSLp_A6xz3tKOmGBEpGi3NWJx9saz_4NC-DzrHYsE
76,gap.com,Gap,gap,gap,Yeezy Gap,media-exp1.licdn.com/dms/image/C560BAQEuC4Unk3-Q3w/company-logo_200_200/0/1595891073451?e=1668643200&v=beta&t=dOL0ZInPziJ0UhY_TtLbVxSQ0RCelio5DUk4NJXsXWc
77,northropgrumman.com,Northrop Grumman,northropgrumman,northropgrumman,Northrop Grumman,media-exp1.licdn.com/dms/image/C4E0BAQFnJf3Nn259IA/company-logo_200_200/0/1583848092771?e=1668643200&v=beta&t=HeMkKhsmQNSlYqtg1sr84q-4JMmEdic--QTGaHo2eL4
79,halliburton.com,Halliburton,halliburton,halliburton,Halliburton,media-exp1.licdn.com/dms/image/C560BAQFtpbHFAokMwQ/company-logo_200_200/0/1654719812153?e=1668038400&v=beta&t=IrgI9DOAG2_DT1dstHg8f21lZxUDcKEKemYA1PLyGYg
81,kodak.com,Eastman Kodak,kodak,kodak,Eastman Kodak Company,media-exp1.licdn.com/dms/image/C4E0BAQFuoueqthVqfQ/company-logo_200_200/0/1519856214251?e=1668643200&v=beta&t=wvtGjQAtjtCKpF8RQy0NMMyTMX0J-TKcbc5SdcxqzW4
84,avnet.com,Avnet,Avnet,Avnet,Avnet,media-exp1.licdn.com/dms/image/C560BAQFu6rtoyG5_XQ/company-logo_200_200/0/1584379982386?e=1668643200&v=beta&t=JtbP0zqHUFsqqHb0EosqepLIDnGdvPAU10DNkmq2l00
85,wellpoint.com,WellPoint Health Networks,AnthemInc,AnthemInc,Wellpoint,media-exp1.licdn.com/dms/image/C560BAQFESPjDmq1F1w/company-logo_200_200/0/1653399571214?e=1668643200&v=beta&t=BQY8r-JTKK8AhtilIeerCM_kIZVnTlwQj1FfpG-9Kjk
87,textron.com,Textron,textron,textron,Textron,media-exp1.licdn.com/dms/image/C4E0BAQFrLAZQY7HsGQ/company-logo_200_200/0/1622227694111?e=1668038400&v=beta&t=jJYV4L5Ku0-KvdbALXhSQhWAtCdAt07MItVzezqJXGQ
89,up.com,Union Pacific,UnionPacific,UnionPacific,Union Pacific Railroad,media-exp1.licdn.com/dms/image/C4D0BAQHNdy3vDfqqlw/company-logo_200_200/0/1519856514263?e=1668038400&v=beta&t=9LPnRrMBgGNm_w5WjZOW7FuXmoUBHCYor5sQwIfHQ9U
90,wm.com,Waste Management,WasteManagement,WasteManagement,WM,media-exp1.licdn.com/dms/image/C4D0BAQGjf5gzRE3t-w/company-logo_200_200/0/1612190945651?e=1668643200&v=beta&t=gVBUvuQDz32EfTKdDZXDlZ6vyuyN5k5EykcxysKGL5A
93,toysrus.com,Toys `R` Us,toysrus,toysrus,"Toys""R""Us",media-exp1.licdn.com/dms/image/C4E0BAQE3Gg3EzKZ_Hw/company-logo_200_200/0/1563454959392?e=1668038400&v=beta&t=djtvlfwuOcEgFrkZ4zeptYVsBzR8px0E_SNkAHB_3bo
94,staples.com,Staples,staples,staples,Staples,media-exp1.licdn.com/dms/image/C4E0BAQHmptGNkxSNRw/company-logo_200_200/0/1655399099991?e=1668038400&v=beta&t=M0UrT3reAPZvxKBW_DjZlghnloOSQNQyYRR1cZ3OzQc
95,csc.com,Computer Sciences,CSC,CSC,Eagle Alliance,media-exp1.licdn.com/dms/image/C4E0BAQHg0MNkqMjT2w/company-logo_200_200/0/1519863487101?e=1668038400&v=beta&t=ZDU9oux5Pc4mytU666KoKFHzM7m50A1gQGm8IDu8hKM
98,humana.com,Humana,humana,humana,Humana,media-exp1.licdn.com/dms/image/C4D0BAQGay-LnLgSOSw/company-logo_200_200/0/1632422432070?e=1668038400&v=beta&t=H2-87cYl8jfNV8te-YOzn7g8n528WPTnpOZvj137tjs
99,southernco.com,Southern,southerncompany,southerncompany,#VALUE!,#VALUE!
105,schering-plough.com,Schering-Plough,merck,merck,Schering Canada Inc,static-exp1.licdn.com/sc/h/cs8pjfgyw96g44ln9r7tct85f
106,comcast.com,Comcast,XFINITY,XFINITY,Comcast,media-exp1.licdn.com/dms/image/C560BAQGT4d_JDjXclg/company-logo_200_200/0/1561493940923?e=1668038400&v=beta&t=zXZ2pkdwsmUK0DQHiHxLdMTFz9J9k5yI1l63PRSUlYo
107,aflac.com,AFLAC,aflac,aflac,Aflac,media-exp1.licdn.com/dms/image/C560BAQHYqAtlWKylnw/company-logo_200_200/0/1519856077319?e=1668038400&v=beta&t=UVOl8dLRZeGvUwOB5geP6s4c9SC8CXQqOss1-tQU_UY
109,colgate.com,Colgate-Palmolive,colgate,colgate,Colgate PROclub NORDIC,media-exp1.licdn.com/dms/image/C4D0BAQFrES2pWJwbFg/company-logo_200_200/0/1651494049129?e=1668038400&v=beta&t=-R0GjE60GpwPf5Sq8DU8cnNxBiXNMK8AQLgtQds-_5o
113,agilent.com,Agilent Technologies,agilent,agilent,Agilent Technologies,media-exp1.licdn.com/dms/image/C4E0BAQGj8V7ecGQq5g/company-logo_200_200/0/1656927106726?e=1668038400&v=beta&t=D4EEvTsQ7X0LZnkpi80MqhlII1p3nil2KpRagvEpjPc
115,stpaul.com,St. Paul Cos.,Travelers,Travelers,#VALUE!,#VALUE!
118,suntrust.com,SunTrust Banks,SunTrust,SunTrust,SunTrust,media-exp1.licdn.com/dms/image/C4D0BAQFxzD_Yu-UvqA/company-logo_200_200/0/1549058526225?e=1668643200&v=beta&t=ERyFOZk520X-a4hNu3zXfnr7IqwK25khQK-ratleXtI
119,dillards.com,Dillard's,Dillards,Dillards,Dillard's Inc.,media-exp1.licdn.com/dms/image/C4E0BAQG7BH8mAhpmsQ/company-logo_200_200/0/1519856505299?e=1668643200&v=beta&t=ZvNPMYjyfp4DTO1QgxSxJr9bZmPAWUGqSO3rdGob6G4
126,gillette.com,Gillette,gillette,gillette,Gillette Razors,static-exp1.licdn.com/sc/h/cs8pjfgyw96g44ln9r7tct85f
128,clearchannel.com,Clear Channel Communications,iheartmedia,iheartmedia,Clear Channel Mumbai Private Limited,media-exp1.licdn.com/dms/image/C4D0BAQE3tPtrueMdlQ/company-logo_200_200/0/1519927281691?e=1668643200&v=beta&t=NTkEonFs8l8_xufgxncG0V2cJmmk8gNebbfZMoEOfcc
130,aramark.com,Aramark,Aramark,Aramark,Aramark,media-exp1.licdn.com/dms/image/C4E0BAQHj_X7yjMiJhw/company-logo_200_200/0/1589548715993?e=1668643200&v=beta&t=lDBoGW0J6CY83iHVxZlBkqdRUQLY6l9QIuLHSAYzd8U
134,progressive.com,Progressive,progressive,progressive,Progressive Insurance,media-exp1.licdn.com/dms/image/C4E0BAQH0HHOtey-eFQ/company-logo_200_200/0/1625147540375?e=1668643200&v=beta&t=YrDatz4akQP8ZgH8M8hJHNEFLod9zmtthfD59sHGR2s
143,omnicomgroup.com,Omnicom Group,omnicom,omnicom,Omnicom,media-exp1.licdn.com/dms/image/C4D0BAQHs2-V0sTtD1Q/company-logo_200_200/0/1646414349027?e=1668038400&v=beta&t=EUpUZD1oJunjbcQaCkMC4sl0eYQEvrvGjAscpeqs06U
144,oneok.com,Oneok,ONEOK,ONEOK,ONEOK,media-exp1.licdn.com/dms/image/C4D0BAQHViHc7TzHASg/company-logo_200_200/0/1519856698337?e=1668038400&v=beta&t=4IMD40D2y0JM2L6tDnvvnQFNhtTXWhFJLBStNRBXDVw
145,avaya.com,Avaya,avaya,avaya,Avaya France,media-exp1.licdn.com/dms/image/C4E0BAQF35VpiyaCmJg/company-logo_200_200/0/1656930580658?e=1667433600&v=beta&t=fTzzvICe4xm_XB_L0oKeeoFt-9Gl941--qCwPXa90Sw
146,unocal.com,Unocal,Chevron,Chevron,Unocal International Corporation,static-exp1.licdn.com/sc/h/cs8pjfgyw96g44ln9r7tct85f
150,firstdata.com,First Data,FirstData,FirstData,First Data Merchant Services,media-exp1.licdn.com/dms/image/C4E0BAQEND5hjey5OTQ/company-logo_200_200/0/1519855920263?e=1668038400&v=beta&t=CQ2q0avgfle33Jn1ybAf1SVn63sCwkmSkCGeJmg7a3w
152,gannett.com,Gannett,gannett,gannett,USA Today Network Sioux Falls,static.licdn.com/sc/h/9qf1dv558e0hwesyramnew9nu
155,nscorp.com,Norfolk Southern,nscorp,nscorp,Norfolk Southern Corporation,media-exp1.licdn.com/dms/image/C4E0BAQEo7D8wp8phvA/company-logo_200_200/0/1569968911268?e=1668038400&v=beta&t=mMGsvrmz9JH4q-m_qbr3zbUN2kdmX3I-Lt4RuOSt2SA
156,saic.com,Science Applications Intl.,SAICinc,SAICinc,SAIC,media-exp1.licdn.com/dms/image/C4D0BAQFGF9M8ToRdIA/company-logo_200_200/0/1633365270136?e=2147483647&v=beta&t=rIiVidd0gjUr5zh1jNbkgqy_SzywZEjFLUaFSCg-dQs
157,lennar.com,Lennar,share,share,Lennar,media-exp1.licdn.com/dms/image/C4E0BAQFiorkE0R7E5w/company-logo_200_200/0/1519882609438?e=1668038400&v=beta&t=nVORW2LSg45yziXmSluagZHKEYY4ETXQ33fHSnq37N4
164,statestreet.com,State Street Corp.,StateStreet,StateStreet,State Street,media-exp1.licdn.com/dms/image/C560BAQGecL-rcPynOg/company-logo_200_200/0/1657057575736?e=1668038400&v=beta&t=kMYgb9IvBcA9OAn9zw8WPMo5vYsnX6CwEnxfCEVEE-Q
165,nordstrom.com,Nordstrom,nordstrom,nordstrom,Nordstrom,media-exp1.licdn.com/dms/image/C560BAQGBnChHHLwG8g/company-logo_200_200/0/1565125789561?e=1668643200&v=beta&t=_n1qYs61QkNUKs4Ubv9TeXg-FywbE3n459rl7DboM1Y
174,praxair.com,Praxair,intent,intent,Praxiar Inc,static-exp1.licdn.com/sc/h/cs8pjfgyw96g44ln9r7tct85f
179,autozone.com,AutoZone,autozone,autozone,AutoZone,media-exp1.licdn.com/dms/image/C4D0BAQHDAnD-ybla0Q/company-logo_200_200/0/1601420040420?e=1668038400&v=beta&t=hUUcVWcXRNefdPbFeX1Ra9mYmabzcrXYAgSz_hLGU1s
180,radioshackcorporation.com,RadioShack,radioshack,radioshack,#VALUE!,#VALUE!
181,grainger.com,W.W. Grainger,grainger,grainger,WW Grainger,static-exp1.licdn.com/sc/h/ck48xrmh3ctwna0w2y1hos0ln
183,itt.com,ITT Industries,ittcorp,ittcorp,ITT Inc.,media-exp1.licdn.com/dms/image/C4E0BAQGBCaWF80PJHw/company-logo_200_200/0/1651243182858?e=1668038400&v=beta&t=gsHNNKwEQdDtXNvfKzWCJnGmo4jAZuW9gS7nJJFSc8Y
185,mcgraw-hill.com,McGraw-Hill,MHFI,MHFI,McGraw Publishing,static-exp1.licdn.com/sc/h/cs8pjfgyw96g44ln9r7tct85f
191,drhorton.com,D.R. Horton,DRHorton,DRHorton,D.R. Horton,media-exp1.licdn.com/dms/image/C4E0BAQFPKpGcUw3h5A/company-logo_200_200/0/1539267754444?e=1668643200&v=beta&t=Rl51THiTGm3Vi2n0b6Ru7WYY-D6EC2yvF3pMvvsDdgw
193,administaff.com,Administaff,insperity,insperity,#VALUE!,#VALUE!
194,jabil.com,Jabil Circuit,jabil,jabil,Jabil,media-exp1.licdn.com/dms/image/C560BAQGYO9Q1rEKrpg/company-logo_200_200/0/1600949156478?e=1668038400&v=beta&t=uV3qpQRLDjkKVxlHtgVYxYzfao7tdehAe2OiVt-7n8M
197,kellyservices.com,Kelly Services,kellyservices,kellyservices,Kelly,media-exp1.licdn.com/dms/image/C560BAQFSvyxBRUKnxg/company-logo_200_200/0/1628098620039?e=1668038400&v=beta&t=je8P_B5teSVYugRPfSAA692VYP2_en72fQhLiaEOJKo
199,ca.com,Computer Associates Intl.,CAInc,CAInc,CA Technologies,media-exp1.licdn.com/dms/image/C4D0BAQHH3AxV8w3ipw/company-logo_200_200/0/1541692523284?e=1668643200&v=beta&t=vkWpJ2fBW3f61CNU_JIYNwE_RnUmOnbEI1WdX_zKGsM
200,lexmark.com,Lexmark International,lexmark,lexmark,Lexmark,media-exp1.licdn.com/dms/image/C4E0BAQHUnFilCxLYmA/company-logo_200_200/0/1658253218992?e=1668038400&v=beta&t=63IgJzErUyij8ypEN4lzx00hJkoaPlGkwOYtbI0XGfA
202,pathmark.com,Pathmark Stores,Pathmark,Pathmark,#VALUE!,#VALUE!
203,amgen.com,Amgen,amgen,amgen,Amgen,media-exp1.licdn.com/dms/image/C560BAQHBugX2S2aHCQ/company-logo_200_200/0/1610417285241?e=1668643200&v=beta&t=lLgxfMQDdhWkgmBFDkHdB5wLFFgVHDdJUBNBwnNTZ6o
205,dishnetwork.com,Echostar Communications,dish,dish,#VALUE!,#VALUE!
206,meadwestvaco.com,MeadWestvaco,WestRock,WestRock,WestRock Packaging Systems Netherlands B.V.,static-exp1.licdn.com/sc/h/cs8pjfgyw96g44ln9r7tct85f
207,starwood.com,Starwood Hotels & Resorts,spg,spg,Le Meridien Kuala Lumpur Sentral,static-exp1.licdn.com/sc/h/7kn6tg2e0ek9dhugj8l8t4dgg
210,clorox.com,Clorox,intent,intent,Taft Production Co,media-exp1.licdn.com/dms/image/C4D0BAQGda3s57GtPEA/company-logo_200_200/0/1519886328680?e=1668038400&v=beta&t=U9wl9nf3F2_XmHQA59eeO4SuCZllphFITAkajNvHyQo
211,amd.com,Advanced Micro Devices,amd,amd,AMD,media-exp1.licdn.com/dms/image/C560BAQEkjpiqeCK9Ag/company-logo_200_200/0/1654804893875?e=1668643200&v=beta&t=0dGW8D9zxXxIy6PsxHvPGExt_FHKD56PDpH1SDPRDQA
212,steelcase.com,Steelcase,Steelcase,Steelcase,Steelcase,media-exp1.licdn.com/dms/image/C4D0BAQHk8kL-hx_POw/company-logo_200_200/0/1600696783001?e=1668038400&v=beta&t=AQzPHzaWxUrpuJY2ij4T0hx7tWg0w3Pvi0mewudCstY
213,kiewit.com,Peter Kiewit Sons',kiewit,kiewit,Kiewit,media-exp1.licdn.com/dms/image/C560BAQEpearuEEmuLg/company-logo_200_200/0/1519856150326?e=1668643200&v=beta&t=bwThw0sUjPLKf3VQQnwpfqQV_Yp_erfSEfTRmYt7gFM
215,maxtor.com,Maxtor,SEAGATE,SEAGATE,Maxtor,static-exp1.licdn.com/sc/h/cs8pjfgyw96g44ln9r7tct85f
224,br-inc.com,Burlington Resources,conocophillips,conocophillips,#VALUE!,#VALUE!
225,usg.com,USG,usgcorp,usgcorp,USG,media-exp1.licdn.com/dms/image/C510BAQFdu6-Oa63-kw/company-logo_200_200/0/1519902528916?e=1668038400&v=beta&t=3xq4diGQpHnV9q5V8Gxz8aZ81shgUCQ0ThMq3ncuEQs
226,northerntrust.com,Northern Trust Corp.,NorthernTrust,NorthernTrust,Northern Trust Corporation,media-exp1.licdn.com/dms/image/C560BAQHaCMtyPguCqQ/company-logo_200_200/0/1519856143018?e=1668038400&v=beta&t=RFND2MkE_oi7diYjtDBSCoEhPNwJC9cE75BF9_pFW5M
227,aal.org,Aid Association for Lutherans,thrivent,thrivent,Stamp-Ko Mfg,static-exp1.licdn.com/sc/h/cs8pjfgyw96g44ln9r7tct85f
229,gevityhr.com,Staff Leasing,trinet,trinet,"Gevity HR, L.P.",static-exp1.licdn.com/sc/h/cs8pjfgyw96g44ln9r7tct85f
230,pepsiamericas.com,PepsiAmericas,pepsico,pepsico,#VALUE!,#VALUE!
231,anixter.com,Anixter International,anixter,anixter,Anixter,media-exp1.licdn.com/dms/image/C4E0BAQEzpr5DCuA7Ww/company-logo_200_200/0/1627481565252?e=1668643200&v=beta&t=nHmc_X_ftm1449v1QNo4iqt8jU0U5fWSdyEhvuYUd3c
233,kindredhealthcare.com,Kindred Healthcare,kindredhealth,kindredhealth,Kindred,media-exp1.licdn.com/dms/image/C4D0BAQFzAyP0PFujIQ/company-logo_200_200/0/1536259257320?e=1667433600&v=beta&t=o77zScpFFGVYlu2NF_bRQ-w7fYNoiuUzD4nk5nIng6o
240,reebok.com,Reebok International,Reebok,Reebok,Reebok,media-exp1.licdn.com/dms/image/C560BAQFeZxCj3TkyuQ/company-logo_200_200/0/1623778659535?e=1668038400&v=beta&t=DN6YDtCGDZxGBqKJyU-aj2FWAZUrDECJxCPsPPh4_ic
243,truserv.com,TruServ,truevalue,truevalue,#VALUE!,#VALUE!
248,aal.org,Lutheran Brotherhood,thrivent,thrivent,Stamp-Ko Mfg,static-exp1.licdn.com/sc/h/cs8pjfgyw96g44ln9r7tct85f
249,spherion.com,Spherion,Spherion,Spherion,Spherion Professional Services,static-exp1.licdn.com/sc/h/9rxpcj33wtsq3w7nxb3u3ku6e
251,polyone.com,PolyOne,PolyOne,PolyOne,Spartech Corporation,media-exp1.licdn.com/dms/image/C4E0BAQGGzqy2JngNqQ/company-logo_200_200/0/1519856106401?e=1668038400&v=beta&t=2ILczAlWGVuAdgxAEfjNRX87KFJu9qYJe10oCmGvsBE
252,starbucks.com,Starbucks,starbucks,starbucks,Starbucks,media-exp1.licdn.com/dms/image/C4D0BAQEQxk9y2rk7Hw/company-logo_200_200/0/1519856020155?e=1668038400&v=beta&t=IWUbSP6-NeQ0KryTm7FoCdkGWx06gHKsPnbc3yxC5ww
262,rd.com,Reader's Digest Association,readersdigest,readersdigest,Malena DFK International,media-exp1.licdn.com/dms/image/C4D0BAQF40s33Spsysw/company-logo_200_200/0/1638321160676?e=1668643200&v=beta&t=uyEuACg3MoCUwtFPRNCvgBVj4ljCvAvUg-WnhD4vFm0
264,petsmart.com,PetsMart,petsmart,petsmart,PetSmart,media-exp1.licdn.com/dms/image/C560BAQEl9XU7i5-IIg/company-logo_200_200/0/1656682832499?e=1668038400&v=beta&t=C6BCoQFxhxA-cqcIhyc1nEePVBQUoiAJ0MFacDJyXhE
265,alberto.com,Alberto-Culver,Unilever,Unilever,Alberto Culver,media-exp1.licdn.com/dms/image/C560BAQEkoLEYr-c1Vw/company-logo_200_200/0/1519873751050?e=1668643200&v=beta&t=JwCfDdeId33bW5Sm6GAU2eMfwYizcCeSPNKNETEodyI
268,firsttennessee.com,First Tennessee National Corp.,firsttennessee,firsttennessee,First Tennessee Bank,media-exp1.licdn.com/dms/image/C4E0BAQEeHBoV-j5pNQ/company-logo_200_200/0/1527285885857?e=1668643200&v=beta&t=5V_RamN6zd6whu_9KkXRgePqzPo7EC0a8TB3m07c00E
269,rhi.com,Robert Half International,roberthalf,roberthalf,#VALUE!,#VALUE!
271,coat.com,Burlington Coat Factory,Burlington,Burlington,"HUIMEI Labor protection Co., ltd.",static-exp1.licdn.com/sc/h/cs8pjfgyw96g44ln9r7tct85f
272,washingtonpost.com,Washington Post,intent,intent,The Washington Post,media-exp1.licdn.com/dms/image/C4E0BAQHIAe2TVGy_0w/company-logo_200_200/0/1546262551540?e=1668038400&v=beta&t=JikhfE1DiReAUHjZcGFEQcYPmexsSwaMI7ajuqdLLBI
274,wendys.com,Wendy's International,share,share,The Wendy's Company,media-exp1.licdn.com/dms/image/C4D0BAQHyhOA8WdW7eQ/company-logo_200_200/0/1535053964160?e=1668038400&v=beta&t=Awr4CEgGWuyQT7nOS9YnLIdZlbkbVlTZjcaO7NKJrMA
276,ecolab.com,Ecolab,Ecolab,Ecolab,Ecolab,media-exp1.licdn.com/dms/image/C560BAQH94ugVLA54eA/company-logo_200_200/0/1589909861375?e=1668038400&v=beta&t=p9ChV8Yf_3FodiXTywHprIlXr6joF7Sjk6P1cdwhCDI
279,convergys.com,Convergys,Convergys,Convergys,Convergys Intelligent Contact,media-exp1.licdn.com/dms/image/C4D0BAQFfbmgL3MzO0A/company-logo_200_200/0/1519952634739?e=1667433600&v=beta&t=Gshrwt8D1yNaH1vJo6yCc7sqwBXGHnTjqHb3E_IKKN4
282,belk.com,Belk,belk,belk,"Belk, Inc",media-exp1.licdn.com/dms/image/C4E0BAQGbWLF1dy8gKA/company-logo_200_200/0/1634502905333?e=1666828800&v=beta&t=iExKGZ0VDIU7NsUJp-AKFN8yXaDsVxv2S_cXEd8JEro
285,lazboy.com,La-Z-Boy,lazboy,lazboy,La-Z-Boy Furniture Galleries,media-exp1.licdn.com/dms/image/C4E0BAQGy6eh7Qn8Lbg/company-logo_200_200/0/1611275653255?e=1668038400&v=beta&t=vGgFEGaTMxPzGZ5yxT8AZqVnygFdHtp2MIzzmItq7ak
289,tellabs.com,Tellabs,Tellabs,Tellabs,Tellabs,media-exp1.licdn.com/dms/image/C560BAQFmPhcb52ygDg/company-logo_200_200/0/1631206874935?e=1668038400&v=beta&t=ZKZt8NFY4OmBxQJocnUakgG6bFKXn0oTFGGXu_uXyIw
293,outback.com,Outback Steakhouse,outback,outback,Outback Steakhouse,media-exp1.licdn.com/dms/image/C4E0BAQE9QRZaKVF5Yg/company-logo_200_200/0/1634676686646?e=1668038400&v=beta&t=DTAKO01BqoHDVAopRAxLxTzR3tyae-EOkMLW6Qu57As
295,centurytel.com,CenturyTel,centurylink,centurylink,Century Tell,static-exp1.licdn.com/sc/h/cs8pjfgyw96g44ln9r7tct85f
297,swifttrans.com,Swift Transportation,SwiftTransport,SwiftTransport,Swift Transportation,media-exp1.licdn.com/dms/image/C560BAQEEgH5NCozN-A/company-logo_200_200/0/1556560541719?e=1668038400&v=beta&t=ubPufXO7NjSrrpqY9qBSRXLyDxxs5uDTZ1vTNUVLlNc
298,cunamutual.com,CUNA Mutual Group,cunamutualgroup,cunamutualgroup,CUNA Mutual Group,media-exp1.licdn.com/dms/image/C4E0BAQHMPr-MNtuUXg/company-logo_200_200/0/1588682610028?e=1668643200&v=beta&t=REUDR9KZXVfOPbizm1fP3SUpDzjYE7XAjyv8c8MAf7E
302,synovus.com,Synovus Financial Corp.,synovus,synovus,Synovus,media-exp1.licdn.com/dms/image/C4E0BAQEcF278aoPIeQ/company-logo_200_200/0/1561577908450?e=1668038400&v=beta&t=jVAla1Jbd9oq6GyzqX_RKEML-gpwKwV3YG5OAjN57XI
306,storagetek.com,Storage Technology,oracle,oracle,#VALUE!,#VALUE!
307,compuware.com,Compuware,compuware,compuware,COMPWARE IT SOLUTIONS,static-exp1.licdn.com/sc/h/cs8pjfgyw96g44ln9r7tct85f
309,dollartree.com,Dollar Tree Stores,dollartree,dollartree,Dollar Tree Stores,media-exp1.licdn.com/dms/image/C4E0BAQGhFMMnZMhg3g/company-logo_200_200/0/1519856365480?e=1668038400&v=beta&t=GXVCjgz4hSsItggQ51OBlQzPYBR5eWg2_dmb8JovTj4
316,sungard.com,SunGard Data Systems,SunGard,SunGard,Astec Analytics,static-exp1.licdn.com/sc/h/cs8pjfgyw96g44ln9r7tct85f
318,safeguard.com,Safeguard Scientifics,Safeguard,Safeguard,Safeguard Scientifics,media-exp1.licdn.com/dms/image/C4E0BAQEoIvu3SquttQ/company-logo_200_200/0/1519856204196?e=1668038400&v=beta&t=s0QrF_PB0ZGfaoacl3_cOWIkwjmqc0kzqDrrrEp-FqU
320,ch2m.com,CH2M Hill,intent,intent,VECO Engineering,static-exp1.licdn.com/sc/h/cs8pjfgyw96g44ln9r7tct85f
321,valspar.com,Valspar,Valspar,Valspar,??????????,static-exp1.licdn.com/sc/h/cs8pjfgyw96g44ln9r7tct85f
322,flowserve.com,Flowserve,flowserve,flowserve,Flowserve Corporation,media-exp1.licdn.com/dms/image/C4E0BAQFbwE06lx4Bnw/company-logo_200_200/0/1568660558333?e=1668643200&v=beta&t=R91HG4YP1q319xZ3_WC_X7OvwmB513LM2QdFcqqXimk
324,fiserv.com,Fiserv,fiserv,fiserv,Fiserv,media-exp1.licdn.com/dms/image/C4E0BAQGRIlSWC39LfQ/company-logo_200_200/0/1519856119168?e=1668038400&v=beta&t=sbKl-6-Ro_4yzc6co__pVNrxlFD_lhZtOiNDATPYN9k
329,jackinthebox.com,Jack in the Box,JackBox,JackBox,Jack in the Box,media-exp1.licdn.com/dms/image/C560BAQG-ON1JoVtImg/company-logo_200_200/0/1651262131006?e=1668038400&v=beta&t=_98iJx7D7bDkf1km1iXj19uWbjuTahbyufbFtdGjisI
332,uhaul.com,Amerco,uhaul,uhaul,U-Haul,media-exp1.licdn.com/dms/image/C560BAQHq-5METQ1m3Q/company-logo_200_200/0/1587059623162?e=1668038400&v=beta&t=3nhZtTS7yEg9NZjwiE4GNo15LaZGVnPbOTyL0SztEYw
335,kennametal.com,Kennametal,kennametal,kennametal,Kennametal,media-exp1.licdn.com/dms/image/C560BAQFKSFzKK-YT1g/company-logo_200_200/0/1656017261913?e=1668038400&v=beta&t=-7-s6brtfCFGoQJXAjhxEl3tIVyUPeME1pgGZMjirEU
339,natoil.com,National Oilwell,NOVGlobal,NOVGlobal,#VALUE!,#VALUE!
340,khov.com,Hovnanian Enterprises,khov,khov,K. Hovnanian® Homes,media-exp1.licdn.com/dms/image/C560BAQG-mTDpNaFBmA/company-logo_200_200/0/1584471144527?e=1668038400&v=beta&t=dlfhTOy6qr_hw-g_8DVAUK7HWByqxfuWRRnf4NuZbvg
342,paychex.com,Paychex,Paychex,Paychex,Paychex,media-exp1.licdn.com/dms/image/C4E0BAQGgCO8be7TBCw/company-logo_200_200/0/1616101057856?e=1668038400&v=beta&t=jbiuwuppa1ii_Y3kj7eQaURA8M5UVA9Qx6jax8k_cb8
343,harman.com,Harman Intl. Industries,harman,harman,HARMAN International,media-exp1.licdn.com/dms/image/C560BAQELL7UV7jjjpw/company-logo_200_200/0/1656789044657?e=1668038400&v=beta&t=BnqMQJfKr8juB76e63Pvpr9yG_Ldlsazvgzpi-XmjBc
344,concordefs.com,Concord EFS,FirstData,FirstData,#VALUE!,#VALUE!
346,energizer.com,Energizer Holdings,energizer,energizer,??(??)????,static-exp1.licdn.com/sc/h/cs8pjfgyw96g44ln9r7tct85f
351,perkinelmer.com,PerkinElmer,PerkinElmer,PerkinElmer,"PerkinElmer, Inc.",media-exp1.licdn.com/dms/image/C560BAQFgqBLObiOlqw/company-logo_200_200/0/1519856523374?e=1668038400&v=beta&t=dy4nrlrgyGX-KgDS5upToAEI3C_QzZOyivGxLdrS6GU
353,landsend.com,Lands' End,LandsEnd,LandsEnd,Lands' End,media-exp1.licdn.com/dms/image/C4D0BAQGu51yzcPciMg/company-logo_200_200/0/1659027293786?e=1668038400&v=beta&t=KantxYASJ0jYyWg9inIdfyz8DlpxpYDLstCyX9sgPhw
357,leggmason.com,Legg Mason,leggmason,leggmason,Legg Mason,media.licdn.com/mpr/mpr/shrink_200_200/AAEAAQAAAAAAAAPuAAAAJDM5MjUxNDhjLWViODktNDAxOS05MTJlLWVjYzc1YWQ0MGJjMw.png
358,level3.com,Level 3 Communications,Level3,Level3,Level 3 Comm,static-exp1.licdn.com/sc/h/cs8pjfgyw96g44ln9r7tct85f
360,lamrc.com,Lam Research,lamresearch,lamresearch,Lam Research International B.V.,static-exp1.licdn.com/sc/h/cs8pjfgyw96g44ln9r7tct85f
373,atmosenergy.com,Atmos Energy,atmosenergy,atmosenergy,Atmos Energy,media-exp1.licdn.com/dms/image/C560BAQG4S9jvk_XLPQ/company-logo_200_200/0/1519856544253?e=1668038400&v=beta&t=yHl952--okFXiJ00CFiT6jOqyKKzGsDIXHpyyBewnYo
387,twec.com,Trans World Entertainment,officialfye,officialfye,Trans World Entertainment,media-exp1.licdn.com/dms/image/C560BAQH6DK6FthBrRA/company-logo_200_200/0/1600213208124?e=2159024400&v=beta&t=eoejNRHIvx_n7DCGfsKl4jvo0HeSt6rEz_QzMSjTf8Q
389,nvidia.com,Nvidia,nvidia,nvidia,NVIDIA,media-exp1.licdn.com/dms/image/C560BAQFDs6GbpvE3zA/company-logo_200_200/0/1561949205873?e=1668038400&v=beta&t=YUI5ki31C7oQCTgP_XFWTjz45y9aGrwJKmJMRG_djI0
392,novellus.com,Novellus Systems,lamresearch,lamresearch,Novellus S stems India Private Limited,static-exp1.licdn.com/sc/h/cs8pjfgyw96g44ln9r7tct85f
393,imshealth.com,IMS Health,intent,intent,Ims Institute Inc,media-exp1.licdn.com/dms/image/C4D0BAQEVWCiUhA0A1g/company-logo_200_200/0/1519922049368?e=1668643200&v=beta&t=uyqQhhNnWglWwd7QMuEs7zCHFkUwtwB6EQvXKMmL0ZY
395,ea.com,Electronic Arts,share,share,Electronic Arts (EA),media-exp1.licdn.com/dms/image/C4D0BAQFbKWw79sJOaQ/company-logo_200_200/0/1631741855112?e=1668038400&v=beta&t=BFe3Hmu2Mi3QmP3ydti-mLfCbar3Y9gVoKrLqZYvzY0
402,boh.com,Pacific Century Financial,bankofhawaii,bankofhawaii,Bank of Hawaii,media-exp1.licdn.com/dms/image/C560BAQE1hPyzI_DwAw/company-logo_200_200/0/1656702863567?e=1666828800&v=beta&t=I-JwHET5KivlSpRUhDeaStrpUR4n9kjYH4t3iHVrEj8
403,dlx.com,Deluxe,shoutlet,shoutlet,#VALUE!,#VALUE!
407,varco.com,Varco International,NOVGlobal,NOVGlobal,#VALUE!,#VALUE!
408,amica.com,Amica Mutual Insurance,Amica,Amica,Amica Insurance,media-exp1.licdn.com/dms/image/C560BAQHNAdSziEBDPg/company-logo_200_200/0/1519856341351?e=1668038400&v=beta&t=XU1dTbs9X_bi91S-Ra8WtfeqWQkCchZYKgtkosx9OLQ
409,milacron.com,Milacron,milacron,milacron,Milacron,media-exp1.licdn.com/dms/image/C4E0BAQE8uAgaj9ocHw/company-logo_200_200/0/1528912962001?e=2147483647&v=beta&t=MrRXKEGYlEVLZFJGrxONBmStesjdGCdeBSrp55NjEAI
410,intuit.com,Intuit,Intuit,Intuit,Intuit,media-exp1.licdn.com/dms/image/C560BAQHnNIfx-m3xHg/company-logo_200_200/0/1591216900605?e=1668038400&v=beta&t=7nIMkd8axmfQMtbduvXGDewNpb8vWStw1sNQ0R-4O5E
413,earthlink.net,EarthLink,earthlink,earthlink,Rocking Horse Farm,pbs.twimg.com/profile_images/1557382907190284288/RCfZiwJQ_400x400.jpg
414,ceridian.com,Ceridian,ceridian,ceridian,Ceridian,media-exp1.licdn.com/dms/image/C560BAQHlMM4f_iWbPw/company-logo_200_200/0/1656939030240?e=1668038400&v=beta&t=si30N_mFJu3xsP3m-cK_mu0GuqTArx5ef3qBPMY2N0M
417,cmgi.com,CMGI,ModusLink,ModusLink,CMGI,static-exp1.licdn.com/sc/h/cs8pjfgyw96g44ln9r7tct85f
418,tek.com,Tektronix,tektronix,tektronix,Tektronix,media-exp1.licdn.com/dms/image/C560BAQGdWrSGc48yLw/company-logo_200_200/0/1657576927817?e=1668038400&v=beta&t=m9ed8xrzTFg29QilXiWLkdWyNUwyEifS4S8rrVafFlA
423,sealy.com,Sealy,Sealy,Sealy,Sealy,media-exp1.licdn.com/dms/image/C4D0BAQHmADWmctl4Vw/company-logo_200_200/0/1519856552211?e=1668643200&v=beta&t=mBH7Lj5hokFgW7oVJh6lff0TR1QEsxdbPNCMfPm_who
426,timberland.com,Timberland,Timberland,Timberland,"Timberland, a VF Company",media-exp1.licdn.com/dms/image/C560BAQEZpYxupoA_OQ/company-logo_200_200/0/1578675785127?e=1668038400&v=beta&t=GY57B2I0BHFtZZKemoveGvpRwVNSpkNj4SFmlpYYB_4
